,F Value,Num DF,Den DF,Pr > F
attr,4.02032,2.0,30.0,0.02839
window,5.68751,3.0,45.0,0.00217
attr:window,1.13426,6.0,90.0,0.34905
