,F Value,Num DF,Den DF,Pr > F
attr,1.54318,2.0,30.0,0.23019
window,4.94122,3.0,45.0,0.00474
attr:window,0.85908,6.0,90.0,0.52822
