,F Value,Num DF,Den DF,Pr > F
attr,5.58303,2.0,28.0,0.00911
window,13.34998,3.0,42.0,0.0
attr:window,4.91091,6.0,84.0,0.00024
