sub,correlation,pvals,feature_name_1,feature_name_2,r
SO,0.2504312259340541,4.943340515679472e-10,correct,awareness,0.2504312259340541
SO,0.15939675119387026,8.804930316519444e-05,correct,confidence,0.15939675119387028
SO,0.013120967472203126,0.7484071739318112,awareness,confidence,0.01312096747220312
