sub,correlation,pvals,feature_name_1,feature_name_2,r
JZ,0.34347885441773757,4.684266043488011e-18,correct,awareness,0.3434788544177376
JZ,0.2720604357073126,1.2145994764169781e-11,correct,confidence,0.27206043570731264
JZ,0.20359841836462028,4.91772015331838e-07,awareness,confidence,0.2035984183646203
