sub,correlation,pvals,feature_name_1,feature_name_2
HB,0.37137834871304004,4.65178175012441e-21,correct,awareness
HB,0.26500223630848635,4.225403904201645e-11,correct,confidence
HB,0.3715505343837142,4.447874126275674e-21,awareness,confidence
