sub,correlation,pvals,feature_name_1,feature_name_2
MP2,0.29250359302599577,2.663791943737906e-13,correct,awareness
MP2,0.2572535388445664,1.5927430609965645e-10,correct,confidence
MP2,0.3723831414992407,3.579768425402168e-21,awareness,confidence
