sub,correlation,pvals,feature_name_1,feature_name_2
AC,0.2105629378204244,1.9354527953762024e-07,correct,awareness
AC,0.18549661364423528,4.785000633998392e-06,correct,confidence
AC,0.205724902366286,3.7118257888226105e-07,awareness,confidence
